{"cameraMode":{"drawMode":0,"name":"Shaded","section":"Shading Mode"},"sceneLighting":true,"audioPlay":false,"sceneViewState":{"showFog":true,"showMaterialUpdate":false,"showSkybox":true,"showFlares":true,"showImageEffects":true,"showParticleSystems":true},"in2DMode":false,"pivot":{"x":0.039837032556533816,"y":1.4109234809875489,"z":-6.438065052032471},"rotation":{"x":0.12497913092374802,"y":-0.6026654839515686,"z":0.09625912457704544,"w":0.782278835773468},"size":5.273438930511475,"orthographic":false}