{"cameraMode":{"drawMode":0,"name":"Shaded","section":"Shading Mode"},"sceneLighting":true,"audioPlay":false,"sceneViewState":{"showFog":true,"showMaterialUpdate":false,"showSkybox":true,"showFlares":true,"showImageEffects":true,"showParticleSystems":true,"showVisualEffectGraphs":true,"m_FxEnabled":true},"in2DMode":false,"pivot":{"x":-0.840885579586029,"y":-0.11429299414157868,"z":-0.6565736532211304},"rotation":{"x":-0.009547979570925236,"y":-0.9901904463768005,"z":0.08636464178562164,"w":-0.10946540534496308},"size":1.7660253047943116,"orthographic":false}