{"cameraMode":{"drawMode":0,"name":"Shaded","section":"Shading Mode"},"sceneLighting":false,"audioPlay":false,"sceneViewState":{"showFog":true,"showMaterialUpdate":false,"showSkybox":false,"showFlares":true,"showImageEffects":true,"showParticleSystems":true},"in2DMode":false,"pivot":{"x":0.0,"y":8.079999923706055,"z":0.9500000476837158},"rotation":{"x":0.003749371273443103,"y":-0.9636338353157044,"z":0.26701444387435915,"w":0.013597946614027024},"size":0.8660253882408142,"orthographic":false}