{"cameraMode":{"drawMode":0,"name":"Shaded","section":"Shading Mode"},"sceneLighting":true,"audioPlay":false,"sceneViewState":{"showFog":true,"showMaterialUpdate":false,"showSkybox":true,"showFlares":true,"showImageEffects":true,"showParticleSystems":true},"in2DMode":false,"pivot":{"x":-29.481094360351564,"y":-0.29667532444000246,"z":-12.441579818725586},"rotation":{"x":0.022339127957820894,"y":-0.8385956287384033,"z":0.03448707237839699,"w":0.5432052612304688},"size":19.10890769958496,"orthographic":false}