{"cameraMode":{"drawMode":0,"name":"Shaded","section":"Shading Mode"},"sceneLighting":true,"audioPlay":false,"sceneViewState":{"showFog":true,"showMaterialUpdate":false,"showSkybox":true,"showFlares":true,"showImageEffects":true,"showParticleSystems":true},"in2DMode":false,"pivot":{"x":5.418312072753906,"y":-2.2641406059265138,"z":-5.184978485107422},"rotation":{"x":0.09791924804449082,"y":0.5094988942146301,"z":-0.058495886623859408,"w":0.8528806567192078},"size":5.863679885864258,"orthographic":false}